Actualités,Actualités IT | Blog Free-Work IT,Retrouvez tous les articles autour de l'actualité IT sur notre blog Free-Work IT.
Métier,Métiers IT | Blog Free-Work IT,Retrouvez tous les articles autour des métiers IT sur notre blog Free-Work IT.
Programmation,Langages de programmation | Blog Free-Work IT,Retrouvez tous les articles autour des langages de programmation sur notre blog Free-Work IT.
Marché de l'emploi,Marché de l'emploi informatique| Blog Free-Work IT,Retrouvez tous les articles autour du marché de l'emploi informatique sur notre blog Free-Work IT.
Trend,Tendances IT | Blog Free-Work IT,Retrouvez tous les articles autour des tendances IT sur notre blog Free-Work IT.
Remote,Remote or not remote ? | Blog Free-Work IT,Retrouvez tous les articles autour de l'impact du télétravail et des expériences full remote sur notre blog Free-Work IT.
Cloud,Tout savoir sur le cloud | Blog Free-Work IT ,Retrouvez tous les articles autour du cloud sur notre blog Free-Work IT.
Formation,Formations IT | Blog Free-Work IT,Retrouvez tous les articles autour des formations dans l'IT sur notre blog Free-Work IT.
Compétences,Compétences informatiques | Blog Free-Work IT,Retrouvez tous les articles autour des compétences nécessaires dans les métiers IT sur notre blog Free-Work IT.
Softskills,Softskills dans l'IT | Blog Free-Work IT,Retrouvez tous les articles autour des softskills indispensables dans l'IT sur notre blog Free-Work IT.
Management,Management dans les métiers IT | Blog Free-Work IT,Retrouvez tous les articles au sujet du management dans certains métiers IT sur notre blog Free-Work IT.
RH,Guide RH des métiers dans l'IT | Blog Free-Work IT,Retrouvez tous le guide RH des métiers IT sur notre blog Free-Work IT.
Recrutement,Recrutement dans l'informatique | Blog Free-Work IT,Retrouvez tous les articles au sujet du recrutement dans le secteur informatique sur notre blog Free-Work IT.
RGPD,Tout savoir sur les questions RGPD,Retrouvez tous les articles autour des questions actuelles de la RGPD sur notre blog Free-Work IT.
SEO,Les bonnes pratiques du SEO | Blog Free-Work IT,Retrouvez tous les articles autour des bonnes pratiques SEO sur notre blog Free-Work IT.
Outils,Les meilleurs outils à votre disposition | Blog Free-Work IT,Retrouvez tous les articles autour de tous les outils indispensables à un IT sur notre blog Free-Work IT.
Data,Toute l'actualité autour de la data,Retrouvez tous les articles autour de la data sur notre blog Free-Work IT.
Code,Code informatique | Blog Free-Work IT,Retrouvez tous les articles traitant du code et des tendances actuelles sur notre blog Free-Work IT.
IA,Tout savoir sur l'Intelligence Artificiel,Retrouvez tous les articles autour de l'IA sur notre blog Free-Work IT.
Cybersécurité,Cybersécurité et actualités | Blog Free-Work IT,Retrouvez tous les articles au sujet de la cybersécurité sur notre blog Free-Work IT.
Webdesign,Webdesign et tendances | Blog Free-Work IT,Retrouvez tous les articles autour des tendances du webdesign sur notre blog Free-Work IT.
Développeur,Le métier de développeur | Blog Free-Work IT,Retrouvez tous les articles autour du métier de développeur informatique sur notre blog Free-Work IT.
Digital,Les métiers du digital | Blog Free-Work IT,Retrouvez tous les articles autour des métiers du digital sur notre blog Free-Work IT.
Gestion de projet,La gestion de projet IT | Blog Free-Work IT,Retrouvez tous les articles autour de la gestion de projet en informatique sur notre blog Free-Work IT.
Freelance,Freelance informatique | Blog Free-Work IT,Retrouvez tous les articles au sujet du freelancing et des freelances IT sur notre blog Free-Work IT.
Carrière,Carrière dans l'informatique | Blog Free-Work IT,Retrouvez tous les articles au sujet de la gestion de carrière dans l'informatique sur notre blog Free-Work IT.
Indépendant,Indépendant dans l'informatique | Blog Free-Work IT,Retrouvez tous les articles au sujet du statut d'indépendant dans l'informatique sur notre blog Free-Work IT.
Statut juridique,Statut juridique et freelancing | Blog Free-Work IT,Retrouvez tous les articles autour des questions sur les statuts juridiques freelances sur notre blog Free-Work IT.
Administratif,Conseil pour gérer l'administratif | Blog Free-Work IT,Retrouvez tous les conseils administratifs pour freelances et salairés IT sur notre blog Free-Work IT.
Web,Les métiers du web | Blog Free-Work IT,Retrouvez tous les articles autour des métiers du web sur notre blog Free-Work IT.
Tips,Nos conseils pour Free-Workers IT,Retrouvez tous les conseils pour Free-Workers IT sur notre blog Free-Work IT.
Mobile,Mobile et tendances | Blog Free-Work IT,Retrouvez tous les articles autour des tendances du mobile sur notre blog Free-Work IT.
Recruteur,Recruter dans le secteur informatique | Blog Free-Work IT,Retrouvez tous les articles autour du recrutement des métiers IT sur notre blog Free-Work IT.
